Character_ID,Character_Name,Unit_Type,External_ID
0_0_0,0-0-0,CHARACTER,TRIPLEZERO
4_LOM,4-LOM,CHARACTER,4LOM
50R_T,50R-T,CHARACTER,50RT
AAYLA_SECURA,Aayla Secura,CHARACTER,AAYLASECURA
ADMIRAL_ACKBAR,Admiral Ackbar,CHARACTER,ADMIRALACKBAR
ADMIRAL_PIETT,Admiral Piett,CHARACTER,ADMIRALPIETT
ADMIRAL_RADDUS,Admiral Raddus,CHARACTER,ADMIRALRADDUS
ADMIRAL_TRENCH,Admiral Trench,CHARACTER,TRENCH
AHSOKA_TANO,Ahsoka Tano,CHARACTER,GLAHSOKATANO
AHSOKA_TANO_FULCRUM,Ahsoka Tano (Fulcrum),CHARACTER,FULCRUMAHSOKA
AHSOKA_TANO_SNIPS,Ahsoka Tano (Snips),CHARACTER,AHSOKATANO
AMILYN_HOLDO,Amilyn Holdo,CHARACTER,AMILYNHOLDO
ANAKINS_ETA_2_STARFIGHTER,Anakin's Eta-2 Starfighter,SHIP,JEDISTARFIGHTERANAKIN
ARC_TROOPER,ARC Trooper,CHARACTER,ARCTROOPER501ST
ASAJJ_VENTRESS,Asajj Ventress,CHARACTER,ASAJVENTRESS
ASAJJ_VENTRESS_DARK_DISCIPLE,Asajj Ventress (Dark Disciple),CHARACTER,ASAJJDARKDISCIPLE
AURRA_SING,Aurra Sing,CHARACTER,AURRA_SING
B1_BATTLE_DROID,B1 Battle Droid,CHARACTER,B1BATTLEDROIDV2
B2_SUPER_BATTLE_DROID,B2 Super Battle Droid,CHARACTER,B2SUPERBATTLEDROID
BARRISS_OFFEE,Barriss Offee,CHARACTER,BARRISSOFFEE
BASTILA_SHAN,Bastila Shan,CHARACTER,BASTILASHAN
BASTILA_SHAN_FALLEN,Bastila Shan (Fallen),CHARACTER,BASTILASHANDARK
BATCHER,Batcher,CHARACTER,BATCHERS3
BAYLAN_SKOLL,Baylan Skoll,CHARACTER,BAYLANSKOLL
BAZE_MALBUS,Baze Malbus,CHARACTER,BAZEMALBUS
BEN_SOLO,Ben Solo,CHARACTER,BENSOLO
BIGGS_DARKLIGHTER,Biggs Darklighter,CHARACTER,BIGGSDARKLIGHTER
BIGGS_DARKLIGHTER_X_WING,Biggs Darklighter's X-wing,SHIP,XWINGRED3
BISTAN,Bistan,CHARACTER,BISTAN
BISTAN_U_WING,Bistan's U-wing,SHIP,UWINGSCARIF
BO_KATAN_MANDALOR,Bo-Katan (Mand'alor),CHARACTER,MANDALORBOKATAN
BO_KATAN_KRYZE,Bo-Katan Kryze,CHARACTER,BOKATAN
BOBA_FETT,Boba Fett,CHARACTER,BOBAFETT
BOBA_FETT_SCION_OF_JANGO,"Boba Fett, Scion of Jango",CHARACTER,BOBAFETTSCION
BODHI_ROOK,Bodhi Rook,CHARACTER,BODHIROOK
BOSS_NASS,Boss Nass,CHARACTER,BOSSNASS
BOSSK,Bossk,CHARACTER,BOSSK
BOUSHH_LEIA_ORGANA,Boushh (Leia Organa),CHARACTER,BOUSHH
BRUTUS,Brutus,CHARACTER,BRUTUS
C3PO,C-3PO,CHARACTER,C3POLEGENDARY
CAD_BANE,Cad Bane,CHARACTER,CADBANE
CAL_KESTIS,Cal Kestis,CHARACTER,CALKESTIS
CANDEROUS_ORDO,Canderous Ordo,CHARACTER,CANDEROUSORDO
CAPTAIN_CARSON_TEVA,Captain Carson Teva,CHARACTER,CARSONTEVA
CAPTAIN_DROGAN,Captain Drogan,CHARACTER,CAPTAINDROGAN
CAPTAIN_ENOCH,Captain Enoch,CHARACTER,CAPTAINENOCH
CAPTAIN_HAN_SOLO,Captain Han Solo,CHARACTER,HOTHHAN
CAPTAIN_ITHANO,Captain Ithano,CHARACTER,ITHANO
CAPTAIN_PHASMA,Captain Phasma,CHARACTER,PHASMA
CAPTAIN_REX,Captain Rex,CHARACTER,CAPTAINREX
CAPTAIN_SILVO,Captain Silvo,CHARACTER,CAPTAINSILVO
CAPTAIN_TARPALS,Captain Tarpals,CHARACTER,CAPTAINTARPALS
CARA_DUNE,Cara Dune,CHARACTER,CARADUNE
CARTH_ONASI,Carth Onasi,CHARACTER,CARTHONASI
CASSIAN_ANDOR,Cassian Andor,CHARACTER,CASSIANANDOR
CASSIAN_ANDOR_UNDERCOVER,Cassian Andor (Undercover),CHARACTER,CASSIANUNDERCOVER
CASSIANS_U_WING,Cassian's U-wing,SHIP,UWINGROGUEONE
CC_1119_APPO,"CC-1119 ""Appo""",CHARACTER,APPO
CC_2224_CODY,"CC-2224 ""Cody""",CHARACTER,CC2224
CERE_JUNDA,Cere Junda,CHARACTER,CEREJUNDA
CHEWBACCA,Chewbacca,CHARACTER,CHEWBACCALEGENDARY
CHIEF_CHIRPA,Chief Chirpa,CHARACTER,CHIEFCHIRPA
CHIEF_NEBIT,Chief Nebit,CHARACTER,CHIEFNEBIT
CHIMAERA,Chimaera,CAPITAL_SHIP,CAPITALCHIMAERA
CHIRRUT_IMWE,Chirrut Îmwe,CHARACTER,CHIRRUTIMWE
CHOPPER,Chopper,CHARACTER,CHOPPERS3
CINTA_KAZ,Cinta Kaz,CHARACTER,CINTA
CLONE_SERGEANT_PHASE_I,Clone Sergeant - Phase I,CHARACTER,CLONESERGEANTPHASEI
ARC_170,Clone Sergeant's ARC-170,SHIP,ARC170CLONESERGEANT
CLONE_WARS_CHEWBACCA,Clone Wars Chewbacca,CHARACTER,CLONEWARSCHEWBACCA
COBB_VANTH,Cobb Vanth,CHARACTER,COBBVANTH
COLONEL_STARCK,Colonel Starck,CHARACTER,COLONELSTARCK
COLONEL_WARD,Colonel Ward,CHARACTER,BISHOP
COMMANDER_AHSOKA_TANO,Commander Ahsoka Tano,CHARACTER,COMMANDERAHSOKA
COMMANDER_LUKE_SKYWALKER,Commander Luke Skywalker,CHARACTER,COMMANDERLUKESKYWALKER
CORUSCANT_UNDERWORLD_POLICE,Coruscant Underworld Police,CHARACTER,CORUSCANTUNDERWORLDPOLICE
COUNT_DOOKU,Count Dooku,CHARACTER,COUNTDOOKU
CROSSHAIR_SCARRED,Crosshair (Scarred),CHARACTER,CROSSHAIRS3
CT_21_0408_ECHO,"CT-21-0408 ""Echo""",CHARACTER,CT210408
CT_5555_FIVES,"CT-5555 ""Fives""",CHARACTER,CT5555
CT_7567_REX,"CT-7567 ""Rex""",CHARACTER,CT7567
CX_2,CX-2,CHARACTER,OPERATIVE
DARK_TROOPER,Dark Trooper,CHARACTER,DARKTROOPER
DARK_TROOPER_MOFF_GIDEON,Dark Trooper Moff Gideon,CHARACTER,MOFFGIDEONS3
DARTH_BANE,Darth Bane,CHARACTER,DARTHBANE
DARTH_MALAK,Darth Malak,CHARACTER,DARTHMALAK
DARTH_MALGUS,Darth Malgus,CHARACTER,DARTHMALGUS
DARTH_MAUL,Darth Maul,CHARACTER,MAUL
DARTH_NIHILUS,Darth Nihilus,CHARACTER,DARTHNIHILUS
DARTH_REVAN,Darth Revan,CHARACTER,DARTHREVAN
DARTH_SIDIOUS,Darth Sidious,CHARACTER,DARTHSIDIOUS
DARTH_SION,Darth Sion,CHARACTER,DARTHSION
DARTH_TALON,Darth Talon,CHARACTER,DARTHTALON
DARTH_TRAYA,Darth Traya,CHARACTER,DARTHTRAYA
DARTH_VADER,Darth Vader,CHARACTER,VADER
DASH_RENDAR,Dash Rendar,CHARACTER,DASHRENDAR
DATHCHA,Dathcha,CHARACTER,DATHCHA
DEATH_TROOPER,Death Trooper,CHARACTER,DEATHTROOPER
DEDRA_MEERO,Dedra Meero,CHARACTER,DEDRAMEERO
DIRECTOR_KRENNIC,Director Krennic,CHARACTER,DIRECTORKRENNIC
DOCTOR_APHRA,Doctor Aphra,CHARACTER,DOCTORAPHRA
DROIDEKA,Droideka,CHARACTER,DROIDEKA
EBON_HAWK,Ebon Hawk,SHIP,EBONHAWK
BAD_BATCH_ECHO,Echo,CHARACTER,BADBATCHECHO
EIGHTH_BROTHER,Eighth Brother,CHARACTER,EIGHTHBROTHER
EMPEROR_PALPATINE,Emperor Palpatine,CHARACTER,EMPERORPALPATINE
EMPEROR_PALPATINE_SHUTTLE,Emperor Palpatine's Shuttle,SHIP,EMPERORSSHUTTLE
ENDURANCE,Endurance,CAPITAL_SHIP,CAPITALJEDICRUISER
ENFYS_NEST,Enfys Nest,CHARACTER,ENFYSNEST
EWOK_ELDER,Ewok Elder,CHARACTER,EWOKELDER
EWOK_SCOUT,Ewok Scout,CHARACTER,EWOKSCOUT
EXECUTOR,Executor,CAPITAL_SHIP,CAPITALEXECUTOR
EXECUTRIX,Executrix,CAPITAL_SHIP,CAPITALSTARDESTROYER
EZRA_BRIDGER,Ezra Bridger,CHARACTER,EZRABRIDGERS3
FENNEC_SHAND,Fennec Shand,CHARACTER,FENNECSHAND
FIFTH_BROTHER,Fifth Brother,CHARACTER,FIFTHBROTHER
FINALIZER,Finalizer,CAPITAL_SHIP,CAPITALFINALIZER
FINN,Finn,CHARACTER,FINN
FIRST_ORDER_EXECUTIONER,First Order Executioner,CHARACTER,FIRSTORDEREXECUTIONER
FIRST_ORDER_OFFICER,First Order Officer,CHARACTER,FIRSTORDEROFFICERMALE
FIRST_ORDER_SF_TIE_PILOT,First Order SF TIE Pilot,CHARACTER,FIRSTORDERSPECIALFORCESPILOT
FIRST_ORDER_SPECIAL_FORCES_TIE_FIGHTER,First Order Special Forces TIE Fighter,SHIP,TIEFIGHTERFOSF
FIRST_ORDER_STORMTROOPER,First Order Stormtrooper,CHARACTER,FIRSTORDERTROOPER
FIRST_ORDER_TIE_FIGHTER,First Order TIE Fighter,SHIP,TIEFIGHTERFIRSTORDER
FIRST_ORDER_TIE_PILOT,First Order TIE Pilot,CHARACTER,FIRSTORDERTIEPILOT
GAMORREAN_GUARD,Gamorrean Guard,CHARACTER,GAMORREANGUARD
GAR_SAXON,Gar Saxon,CHARACTER,GARSAXON
GAUNTLET_STARFIGHTER,Gauntlet Starfighter,SHIP,GAUNTLETSTARFIGHTER
GENERAL_GRIEVOUS,General Grievous,CHARACTER,GRIEVOUS
GENERAL_HUX,General Hux,CHARACTER,GENERALHUX
GENERAL_KENOBI,General Kenobi,CHARACTER,GENERALKENOBI
GENERAL_SKYWALKER,General Skywalker,CHARACTER,GENERALSKYWALKER
GENERAL_SYNDULLA,General Syndulla,CHARACTER,GENERALSYNDULLA
GENERAL_VEERS,General Veers,CHARACTER,VEERS
GEONOSIAN_BROOD_ALPHA,Geonosian Brood Alpha,CHARACTER,GEONOSIANBROODALPHA
GEONOSIAN_SOLDIER,Geonosian Soldier,CHARACTER,GEONOSIANSOLDIER
GEONOSIAN_SOLDIER_STARFIGHTER,Geonosian Soldier's Starfighter,SHIP,GEONOSIANSTARFIGHTER2
GEONOSIAN_SPY,Geonosian Spy,CHARACTER,GEONOSIANSPY
GEONOSIAN_SPY_STARFIGHTER,Geonosian Spy's Starfighter,SHIP,GEONOSIANSTARFIGHTER3
GHOST,Ghost,SHIP,GHOST
GRAND_ADMIRAL_THRAWN,Grand Admiral Thrawn,CHARACTER,GRANDADMIRALTHRAWN
GRAND_INQUISITOR,Grand Inquisitor,CHARACTER,GRANDINQUISITOR
GRAND_MOFF_TARKIN,Grand Moff Tarkin,CHARACTER,GRANDMOFFTARKIN
GRANDMASTER_YODA,Grandmaster Yoda,CHARACTER,GRANDMASTERYODA
GREAT_MOTHERS,Great Mothers,CHARACTER,GREATMOTHERS
GREEF_KARGA,Greef Karga,CHARACTER,GREEFKARGA
GUNGAN_PHALANX,Gungan Phalanx,CHARACTER,GUNGANPHALANX
HAN_SOLO,Han Solo,CHARACTER,HANSOLO
HANS_MILLENNIUM_FALCON,Han's Millennium Falcon,SHIP,MILLENNIUMFALCON
HERA_SYNDULLA,Hera Syndulla,CHARACTER,HERASYNDULLAS3
HERMIT_YODA,Hermit Yoda,CHARACTER,HERMITYODA
HK_47,HK-47,CHARACTER,HK47
HOME_ONE,Home One,CAPITAL_SHIP,CAPITALMONCALAMARICRUISER
HONDO_OHNAKA,Hondo Ohnaka,CHARACTER,HONDO
HOTH_REBEL_SCOUT,Hoth Rebel Scout,CHARACTER,HOTHREBELSCOUT
HOTH_REBEL_SOLDIER,Hoth Rebel Soldier,CHARACTER,HOTHREBELSOLDIER
HOUNDS_TOOTH,Hound's Tooth,SHIP,HOUNDSTOOTH
HUNTER,Hunter,CHARACTER,BADBATCHHUNTER
HYENA_BOMBER,Hyena Bomber,SHIP,HYENABOMBER
IDEN_VERSIO,Iden Versio,CHARACTER,IDENVERSIOEMPIRE
IG_100_MAGNAGUARD,IG-100 MagnaGuard,CHARACTER,MAGNAGUARD
IG_11,IG-11,CHARACTER,IG11
IG_2000,IG-2000,SHIP,IG2000
IG_88,IG-88,CHARACTER,IG88
IMPERIAL_PROBE_DROID,Imperial Probe Droid,CHARACTER,IMPERIALPROBEDROID
IMPERIAL_SUPER_COMMANDO,Imperial Super Commando,CHARACTER,IMPERIALSUPERCOMMANDO
IMPERIAL_TIE_BOMBER,Imperial TIE Bomber,SHIP,TIEBOMBERIMPERIAL
JABBA_THE_HUTT,Jabba the Hutt,CHARACTER,JABBATHEHUTT
JANGO_FETT,Jango Fett,CHARACTER,JANGOFETT
JAR_JAR_BINKS,Jar Jar Binks,CHARACTER,JARJARBINKS
JAWA,Jawa,CHARACTER,JAWA
JAWA_ENGINEER,Jawa Engineer,CHARACTER,JAWAENGINEER
JAWA_SCAVENGER,Jawa Scavenger,CHARACTER,JAWASCAVENGER
JEDI_CONSULAR,Jedi Consular,CHARACTER,JEDIKNIGHTCONSULAR
JEDI_CONSULAR_STARFIGHTER,Jedi Consular's Starfighter,SHIP,JEDISTARFIGHTERCONSULAR
JEDI_KNIGHT_ANAKIN,Jedi Knight Anakin,CHARACTER,ANAKINKNIGHT
JEDI_KNIGHT_CAL_KESTIS,Jedi Knight Cal Kestis,CHARACTER,JEDIKNIGHTCAL
JEDI_KNIGHT_GUARDIAN,Jedi Knight Guardian,CHARACTER,JEDIKNIGHTGUARDIAN
JEDI_KNIGHT_LUKE_SKYWALKER,Jedi Knight Luke Skywalker,CHARACTER,JEDIKNIGHTLUKE
JEDI_KNIGHT_REVAN,Jedi Knight Revan,CHARACTER,JEDIKNIGHTREVAN
JEDI_MASTER_KENOBI,Jedi Master Kenobi,CHARACTER,JEDIMASTERKENOBI
JEDI_MASTER_LUKE,Jedi Master Luke Skywalker,CHARACTER,GRANDMASTERLUKE
JYN_ERSO,Jyn Erso,CHARACTER,JYNERSO
K_2SO,K-2SO,CHARACTER,K2SO
KANAN_JARRUS,Kanan Jarrus,CHARACTER,KANANJARRUSS3
KIT_FISTO,Kit Fisto,CHARACTER,KITFISTO
KRRSANTAN,Krrsantan,CHARACTER,KRRSANTAN
KUILL,Kuiil,CHARACTER,KUIIL
KYLO_REN,Kylo Ren,CHARACTER,KYLOREN
KYLO_REN_UNMASKED,Kylo Ren (Unmasked),CHARACTER,KYLORENUNMASKED
KYLO_REN_COMMAND_SHUTTLE,Kylo Ren's Command Shuttle,SHIP,COMMANDSHUTTLE
L3_37,L3-37,CHARACTER,L3_37
LANDO_CALRISSIAN,Lando Calrissian,CHARACTER,ADMINISTRATORLANDO
LANDOS_MILLENNIUM_FALCON,Lando's Millennium Falcon,SHIP,MILLENNIUMFALCONPRISTINE
LEIA_ORGANA,Leia Organa,CHARACTER,GLLEIA
LEVIATHAN,Leviathan,CAPITAL_SHIP,CAPITALLEVIATHAN
LOBOT,Lobot,CHARACTER,LOBOT
LOGRAY,Logray,CHARACTER,LOGRAY
LORD_VADER,Lord Vader,CHARACTER,LORDVADER
LUMINARA_UNDULI,Luminara Unduli,CHARACTER,LUMINARAUNDULI
MACE_WINDU,Mace Windu,CHARACTER,MACEWINDU
MAGMA_TROOPER,Magma Trooper,CHARACTER,MAGMATROOPER
MALEVOLENCE,Malevolence,CAPITAL_SHIP,CAPITALMALEVOLENCE
MARA_JADE,Mara Jade,CHARACTER,MARAJADE
MAUL,Maul,CHARACTER,MAULS7
MERRIN,Merrin,CHARACTER,MERRIN
MISSION_VAO,Mission Vao,CHARACTER,MISSIONVAO
MOFF_GIDEON,Moff Gideon,CHARACTER,MOFFGIDEONS1
MON_MOTHMA,Mon Mothma,CHARACTER,MONMOTHMA
MOTHER_TALZIN,Mother Talzin,CHARACTER,MOTHERTALZIN
NEGOTIATOR,Negotiator,CAPITAL_SHIP,CAPITALNEGOTIATOR
NIGHTSISTER_ACOLYTE,Nightsister Acolyte,CHARACTER,NIGHTSISTERACOLYTE
NIGHTSISTER_INITIATE,Nightsister Initiate,CHARACTER,NIGHTSISTERINITIATE
NIGHTSISTER_SPIRIT,Nightsister Spirit,CHARACTER,NIGHTSISTERSPIRIT
NIGHTSISTER_ZOMBIE,Nightsister Zombie,CHARACTER,NIGHTSISTERZOMBIE
NINTH_SISTER,Ninth Sister,CHARACTER,NINTHSISTER
NUTE_GUNRAY,Nute Gunray,CHARACTER,NUTEGUNRAY
OBI_WAN_KENOBI_OLD_BEN,Obi-Wan Kenobi (Old Ben),CHARACTER,OLDBENKENOBI
OLD_DAKA,Old Daka,CHARACTER,DAKA
BAD_BATCH_OMEGA,Omega,CHARACTER,BADBATCHOMEGA
OUTRIDER,Outrider,SHIP,OUTRIDER
PADME_AMIDALA,Padmé Amidala,CHARACTER,PADMEAMIDALA
PAO,Pao,CHARACTER,PAO
PAPLOO,Paploo,CHARACTER,PAPLOO
PHANTOM_II,Phantom II,SHIP,PHANTOM2
PLO_KOON,Plo Koon,CHARACTER,PLOKOON
PLO_KOON_JEDI_STARFIGHTER,Plo Koon's Jedi Starfighter,SHIP,BLADEOFDORIN
POE_DAMERON,Poe Dameron,CHARACTER,POE
POE_DAMERONS_X_WING,Poe Dameron's X-wing,SHIP,XWINGBLACKONE
POGGLE_THE_LESSER,Poggle the Lesser,CHARACTER,POGGLETHELESSER
PRINCESS_LEIA,Princess Leia,CHARACTER,PRINCESSLEIA
PROFUNDITY,Profundity,CAPITAL_SHIP,CAPITALPROFUNDITY
QUEEN_AMIDALA,Queen Amidala,CHARACTER,QUEENAMIDALA
QUI_GON_JINN,Qui-Gon Jinn,CHARACTER,QUIGONJINN
R2_D2,R2-D2,CHARACTER,R2D2_LEGENDARY
RADDUS,Raddus,CAPITAL_SHIP,CAPITALRADDUS
RAVEN_CLAW,Raven's Claw,SHIP,RAVENSCLAW
RAZOR_CREST,Razor Crest,SHIP,RAZORCREST
REBEL_OFFICER_LEIA,Rebel Officer Leia Organa,CHARACTER,HOTHLEIA
RESISTANCE_HERO_FINN,Resistance Hero Finn,CHARACTER,EPIXFINN
RESISTANCE_HERO_POE,Resistance Hero Poe,CHARACTER,EPIXPOE
RESISTANCE_PILOT,Resistance Pilot,CHARACTER,RESISTANCEPILOT
RESISTANCE_TROOPER,Resistance Trooper,CHARACTER,RESISTANCETROOPER
THIRD_SISTER,Third Sister,CHARACTER,THIRDSISTER
REX_SHUTTLE,Rex's ARC-170,SHIP,ARC170REX
REY,Rey,CHARACTER,GLREY
REY_JEDI_TRAINING,Rey (Jedi Training),CHARACTER,REYJEDITRAINING
REY_SCAVENGER,Rey (Scavenger),CHARACTER,REY
REY_FALCON,Rey's Millennium Falcon,SHIP,MILLENNIUMFALCONEP7
ROSE_TICO,Rose Tico,CHARACTER,ROSETICO
ROYAL_GUARD,Royal Guard,CHARACTER,ROYALGUARD
SABINE_WREN,Sabine Wren,CHARACTER,SABINEWRENS3
SANA_STARROS,Sana Starros,CHARACTER,SANASTARROS
SAVAGE_OPRESS,Savage Opress,CHARACTER,SAVAGEOPRESS
SCARIF_REBEL_PATHFINDER,Scarif Rebel Pathfinder,CHARACTER,SCARIFREBEL
SCIMITAR,Scimitar,SHIP,SITHINFILTRATOR
SCOUT_TROOPER,Scout Trooper,CHARACTER,SCOUTTROOPER_V3
SECOND_SISTER,Second Sister,CHARACTER,SECONDSISTER
SEVENTH_SISTER,Seventh Sister,CHARACTER,SEVENTHSISTER
SHAAK_TI,Shaak Ti,CHARACTER,SHAAKTI
SHIN_HATI,Shin Hati,CHARACTER,SHINHATI
SHORETROOPER,Shoretrooper,CHARACTER,SHORETROOPER
SITH_ASSASSIN,Sith Assassin,CHARACTER,SITHASSASSIN
SITH_EMPIRE_TROOPER,Sith Empire Trooper,CHARACTER,SITHTROOPER
SITH_ETERNAL_EMPEROR,Sith Eternal Emperor,CHARACTER,SITHPALPATINE
SCYTHE,Scythe,SHIP,SCYTHE
SITH_FIGHTER,Sith Fighter,SHIP,SITHFIGHTER
SITH_MARAUDER,Sith Marauder,CHARACTER,SITHMARAUDER
SITH_TROOPER,Sith Trooper,CHARACTER,FOSITHTROOPER
SLAVE_I,Slave I,SHIP,SLAVE1
SNOWTROOPER,Snowtrooper,CHARACTER,SNOWTROOPER
STAP,STAP,CHARACTER,STAP
STARKILLER,Starkiller,CHARACTER,STARKILLER
STORMTROOPER,Stormtrooper,CHARACTER,STORMTROOPER
STORMTROOPER_HAN,Stormtrooper Han,CHARACTER,STORMTROOPERHAN
SUN_FAC,Sun Fac,CHARACTER,SUNFAC
SUN_FAC_GEONOSIAN_STARFIGHTER,Sun Fac's Geonosian Starfighter,SHIP,GEONOSIANSTARFIGHTER1
SUPREME_LEADER_KYLO_REN,Supreme Leader Kylo Ren,CHARACTER,SUPREMELEADERKYLOREN
TALIA,Talia,CHARACTER,TALIA
BAD_BATCH_TECH,Tech,CHARACTER,BADBATCHTECH
TEEBO,Teebo,CHARACTER,TEEBO
ARMORER,The Armorer,CHARACTER,ARMORER
MANDALORIAN,The Mandalorian,CHARACTER,THEMANDALORIAN
MANDALORIAN_BESKAR_ARMOR,The Mandalorian (Beskar Armor),CHARACTER,THEMANDALORIANBESKARARMOR
THE_STRANGER,The Stranger,CHARACTER,STRANGER
TIE_ADVANCED_x1,TIE Advanced x1,SHIP,TIEADVANCED
TIE_DEFENDER,TIE Defender,SHIP,TIEDEFENDER
TIE_FIGHTER_PILOT,TIE Fighter Pilot,CHARACTER,TIEFIGHTERPILOT
TIE_REAPER,TIE Reaper,SHIP,TIEREAPER
TIE_SILENCER,TIE Silencer,SHIP,TIESILENCER
TIE_INTERCEPTOR,TIE/IN Interceptor,SHIP,TIEINTERCEPTOR
TUSKEN_CHIEFTAN,Tusken Chieftain,CHARACTER,TUSKENCHIEFTAIN
TUSKEN_RAIDER,Tusken Raider,CHARACTER,TUSKENRAIDER
TUSKEN_SHAMAN,Tusken Shaman,CHARACTER,TUSKENSHAMAN
URORRURRR,URoRRuR'R'R,CHARACTER,URORRURRR
VISAS_MARR,Visas Marr,CHARACTER,VISASMARR
WAMPA,Wampa,CHARACTER,WAMPA
WATT_TAMBOR,Wat Tambor,CHARACTER,WATTAMBOR
WEDGE_ANTILLES,Wedge Antilles,CHARACTER,WEDGEANTILLES
WEDGE_ANTILLES_X_WING,Wedge Antilles's X-wing,SHIP,XWINGRED2
BAD_BATCH_WRECKER,Wrecker,CHARACTER,BADBATCHWRECKER
XANADU_BLOOD,Xanadu Blood,SHIP,XANADUBLOOD
YOUNG_HAN_SOLO,Young Han Solo,CHARACTER,YOUNGHAN
YOUNG_LANDO,Young Lando Calrissian,CHARACTER,YOUNGLANDO
ZAALBAR,Zaalbar,CHARACTER,ZAALBAR
ZAM_WESELL,Zam Wesell,CHARACTER,ZAMWESELL
ZEB_ORRELIOS,Zeb Orrelios,CHARACTER,ZEBS3
MAZ_KANATA,Maz Kanata,CHARACTER,MAZKANATA
TARON_MALICOS,Taron Malicos,CHARACTER,TARONMALICOS
DARTH_VADER_DUALS_END,Darth Vader Dual's End,CHARACTER,VADERDUELSEND
SATELE_SHAN,Satele Shan,CHARACTER,SATELESHAN
SAW_GERRERA,Saw Gerrera,CHARACTER,SAWGERRERA
