Counter_ID,Character_ID,Role
ADMIRAL_RADDUS,ADMIRAL_RADDUS,REQUIRED
ADMIRAL_RADDUS,JYN_ERSO,REQUIRED
BAD_BATCH,HUNTER,REQUIRED
BANE,DARTH_BANE,REQUIRED
BAYLAN,BAYLAN_SKOLL,REQUIRED
BO_KATAN_MANDALORE,BO_KATAN_MANDALOR,REQUIRED
BOSSK,BOSSK,REQUIRED
CERE,CERE_JUNDA,REQUIRED
CERE,TARON_MALICOS,REQUIRED
CERE_SK,CERE_JUNDA,REQUIRED
CERE_SK,TARON_MALICOS,REQUIRED
CERE_SK,STARKILLER,REQUIRED
CHIMAERA,CHIMAERA,REQUIRED
CLS,COMMANDER_LUKE_SKYWALKER,REQUIRED
DARTH_NIHILUS,DARTH_NIHILUS,REQUIRED
DARTH_REVAN,DARTH_REVAN,REQUIRED
ENDURANCE,ENDURANCE,REQUIRED
EXECUTOR,EXECUTOR,REQUIRED
EXECUTRIX,EXECUTRIX,REQUIRED
FINALIZER,FINALIZER,REQUIRED
GAS,GENERAL_SKYWALKER,REQUIRED
GI,GRAND_INQUISITOR,REQUIRED
GREAT_MOTHERS,GREAT_MOTHERS,REQUIRED
HOME_ONE,HOME_ONE,REQUIRED
JABBA,JABBA_THE_HUTT,REQUIRED
JAWAS,CHIEF_NEBIT,REQUIRED
JKCK,JEDI_KNIGHT_CAL_KESTIS,REQUIRED
JKR,JEDI_KNIGHT_REVAN,REQUIRED
JMK,JEDI_MASTER_KENOBI,REQUIRED
JML,JEDI_MASTER_LUKE,REQUIRED
LEIA,LEIA_ORGANA,REQUIRED
LEIA,CAPTAIN_DROGAN,RECOMMENDED
LEIA,R2_D2,RECOMMENDED
LEVIATHAN,LEVIATHAN,REQUIRED
LORD_VADER,LORD_VADER,REQUIRED
MALAK,DARTH_MALAK,REQUIRED
MALEVOLENCE,MALEVOLENCE,REQUIRED
MALGUS,DARTH_MALGUS,REQUIRED
MAUL,MAUL,REQUIRED
MAUL,CANDEROUS_ORDO,REQUIRED
MAUL,JANGO_FETT,REQUIRED
MAZ_KANATA,MAZ_KANATA,REQUIRED
MOTHER_TALZIN,MOTHER_TALZIN,REQUIRED
NEGOTIATOR,NEGOTIATOR,REQUIRED
PHOENIX,HERA_SYNDULLA,REQUIRED
PROFUNDITY,PROFUNDITY,REQUIRED
RADDUS,RADDUS,REQUIRED
REVA,THIRD_SISTER,REQUIRED
SEE,SITH_ETERNAL_EMPEROR,REQUIRED
SEE_BANE,SITH_ETERNAL_EMPEROR,REQUIRED
SEE_BANE,DARTH_BANE,REQUIRED
SLKR,SUPREME_LEADER_KYLO_REN,REQUIRED
STARKILLER,STARKILLER,REQUIRED
STARKILLER,EMPEROR_PALPATINE,REQUIRED
STARKILLER,MARA_JADE,REQUIRED
TRAYA,DARTH_TRAYA,REQUIRED
TRAYA,DARTH_NIHILUS,REQUIRED
VEERS,GENERAL_VEERS,REQUIRED
WAMPA,WAMPA,REQUIRED
ENOCH,CAPTAIN_ENOCH,REQUIRED
JKL,JEDI_KNIGHT_LUKE_SKYWALKER,REQUIRED
50R_T,50R_T,REQUIRED
BOBA_FETT_SCION_OF_JANGO,BOBA_FETT_SCION_OF_JANGO,REQUIRED
BOBA_FETT_SCION_OF_JANGO,FENNEC_SHAND,REQUIRED
SATELE_SHAN,SATELE_SHAN,REQUIRED
THE_STRANGER,THE_STRANGER,REQUIRED
DASH,DASH_RENDAR,REQUIRED
QUEEN_AMIDALA,QUEEN_AMIDALA,REQUIRED
GUNGANS,BOSS_NASS,REQUIRED
SAW_GERRERA,SAW_GERRERA,REQUIRED
