Counter_ID,Counter Team
BANE,Bane
JKCK,JKCK
BO_KATAN_MANDALORE,Bo-Katan Mandalore
JABBA,Jabba
GREAT_MOTHERS,Great Mothers
JML,Jedi Master Luke
STARKILLER,Starkiller
LEIA,Leia Organa
SEE,Sith Eternal Emperor
WAMPA,Wampa
JMK,Jedi Master Kenobi
GI,Grand Inquisitor
REVA,Reva
CERE,Cere UFU
SLKR,SLKR
MALAK,Malak (solo)
BAYLAN,Baylan Skoll
TRAYA,Darth Traya
GAS,GAS
MOTHER_TALZIN,Mother Talzin
VEERS,Imperial Troopers
MAUL,Maul
CLS,CLS
JAWAS,Jawas
BAD_BATCH,Bad Batch
PHOENIX,Phoenix
JKR,Jedi Knight Revan
BOSSK,Bossk
MALGUS,Darth Malgus
LEVIATHAN,Leviathan
CHIMAERA,Chimaera
ENDURANCE,Endurance
EXECUTOR,Executor
EXECUTRIX,Executrix
FINALIZER,Finalizer
HOME_ONE,Home One
MALEVOLENCE,Malevolence
NEGOTIATOR,Negotiator
PROFUNDITY,Profundity
RADDUS,Raddus
CERE_SK,Cere Starkiller
DARTH_REVAN,Darth Revan
DARTH_NIHILUS,Darth Nihilus
LORD_VADER,Lord Vader
SEE_BANE,SEE and Bane
ADMIRAL_RADDUS,Admiral Raddus
ENOCH,Enoch
JKL,Jedi Knight Luke
50R_T,Shorty
BOBA_FETT_SCION_OF_JANGO,Boba and Fennec
SATELE_SHAN,Satele Shan
THE_STRANGER,The Stranger
DASH,Dash Rendar
QUEEN_AMIDALA,Queen Amidala
GUNGANS,Gungans
SAW_GERRERA,Saw Gerrera
