League,Mode,Territory,Territory_Type,Team_Count
KYBER,5v5,FRONT_TOP,SQUAD,4
KYBER,5v5,FRONT_BOTTOM,SQUAD,4
KYBER,5v5,BACK_TOP,FLEET,3
KYBER,5v5,BACK_BOTTOM,SQUAD,3
AURODIUM,5v5,FRONT_TOP,SQUAD,3
AURODIUM,5v5,FRONT_BOTTOM,SQUAD,3
AURODIUM,5v5,BACK_TOP,FLEET,2
AURODIUM,5v5,BACK_BOTTOM,SQUAD,3
CHROMIUM,5v5,FRONT_TOP,SQUAD,3
CHROMIUM,5v5,FRONT_BOTTOM,SQUAD,2
CHROMIUM,5v5,BACK_TOP,FLEET,2
CHROMIUM,5v5,BACK_BOTTOM,SQUAD,2
BRONZIUM,5v5,FRONT_TOP,SQUAD,2
BRONZIUM,5v5,FRONT_BOTTOM,SQUAD,2
BRONZIUM,5v5,BACK_TOP,FLEET,1
BRONZIUM,5v5,BACK_BOTTOM,SQUAD,1
CARBONITE,5v5,FRONT_TOP,SQUAD,1
CARBONITE,5v5,FRONT_BOTTOM,SQUAD,1
CARBONITE,5v5,BACK_TOP,FLEET,1
CARBONITE,5v5,BACK_BOTTOM,SQUAD,1
KYBER,3v3,FRONT_TOP,SQUAD,5
KYBER,3v3,FRONT_BOTTOM,SQUAD,5
KYBER,3v3,BACK_TOP,FLEET,3
KYBER,3v3,BACK_BOTTOM,SQUAD,5
AURODIUM,3v3,FRONT_TOP,SQUAD,4
AURODIUM,3v3,FRONT_BOTTOM,SQUAD,4
AURODIUM,3v3,BACK_TOP,FLEET,2
AURODIUM,3v3,BACK_BOTTOM,SQUAD,5
CHROMIUM,3v3,FRONT_TOP,SQUAD,3
CHROMIUM,3v3,FRONT_BOTTOM,SQUAD,3
CHROMIUM,3v3,BACK_TOP,FLEET,2
CHROMIUM,3v3,BACK_BOTTOM,SQUAD,4
BRONZIUM,3v3,FRONT_TOP,SQUAD,2
BRONZIUM,3v3,FRONT_BOTTOM,SQUAD,2
BRONZIUM,3v3,BACK_TOP,FLEET,1
BRONZIUM,3v3,BACK_BOTTOM,SQUAD,3
CARBONITE,3v3,FRONT_TOP,SQUAD,1
CARBONITE,3v3,FRONT_BOTTOM,SQUAD,1
CARBONITE,3v3,BACK_TOP,FLEET,1
CARBONITE,3v3,BACK_BOTTOM,SQUAD,1
